Campaign,Campaign Type,Campaign Daily Budget,Networks,Bid Strategy Type,Bid Strategy Name,Target CPA,Location,Location ID,Negative Location,Ad Group,Ad Group Type,Max CPC,Keyword,Criterion Type,Final URL,Headline 1,Headline 2,Headline 3,Headline 4,Headline 5,Headline 6,Headline 7,Headline 8,Headline 9,Headline 10,Headline 11,Headline 12,Headline 13,Headline 14,Headline 15,Description 1,Description 2,Description 3,Description 4,Path 1,Path 2,Ad Type
本気ストレッチ,Search,4000,Google Search,Maximize Conversions,,,,,,,,,,,,,,,,,,,,,,,,,,,,,,
本気ストレッチ,,,,,,,"甲府市上阿原町417-1, 山梨県, 日本",,,,,,,,,,,,,,,,,,,,,,,,,,,
本気ストレッチ,,,,,,,,,,,ブランド指名,Standard,200,,,,,,,,,,,,,,,,,,,,,,,,
本気ストレッチ,,,,,,,,,,,,,[本気ストレッチ],Exact,,,,,,,,,,,,,,,,,,,,,,,,
本気ストレッチ,,,,,,,,,,,,,"本気ストレッチ",Phrase,,,,,,,,,,,,,,,,,,,,,,,,
本気ストレッチ,,,,,,,,,,,,,[本気ストレッチ 甲府],Exact,,,,,,,,,,,,,,,,,,,,,,,,
本気ストレッチ,,,,,,,,,,,,,[本気ストレッチ 予約],Exact,,,,,,,,,,,,,,,,,,,,,,,,
本気ストレッチ,,,,,,,,,,,,,[本気ストレッチ 口コミ],Exact,,,,,,,,,,,,,,,,,,,,,,,,
本気ストレッチ,,,,,,,,,,,,,[majistretch],Exact,,,,,,,,,,,,,,,,,,,,,,,,
本気ストレッチ,,,,,,,,,,,ブランド指名,,,,https://majistretch.com/,本気ストレッチ 甲府上阿原店,3ヶ月で身体の土台を整える,可動域を数値で管理,8回集中改善プログラム,返金保証付きで安心,女性トレーナー在籍,精密姿勢診断が無料,完全予約制で丁寧に対応,整体やマッサージで変わらない方へ,甲府上阿原のストレッチ専門店,プロが身体を根本から変える,まず姿勢診断だけでもOK,数値で実感できる改善,山梨県甲府市のストレッチ,WEBから簡単予約,甲府で唯一の改善特化プログラム。可動域を数値で管理し8回で土台を整えます。返金保証付き。,整体やマッサージに通っても変わらなかった方へ。深層筋から本気で変える3ヶ月集中プログラム。,精密姿勢診断で現状を数値化。どこが原因かを明確にしてからプロがアプローチします。,女性トレーナー在籍・完全予約制。お一人ずつ丁寧に対応。まずはWEB予約から。,甲府,改善プログラム,Responsive search ad
本気ストレッチ,,,,,,,,,,,改善プログラム,Standard,300,,,,,,,,,,,,,,,,,,,,,,,,
本気ストレッチ,,,,,,,,,,,,,[甲府 姿勢改善],Exact,,,,,,,,,,,,,,,,,,,,,,,,
本気ストレッチ,,,,,,,,,,,,,"甲府 姿勢改善",Phrase,,,,,,,,,,,,,,,,,,,,,,,,
本気ストレッチ,,,,,,,,,,,,,[甲府 姿勢改善 プログラム],Exact,,,,,,,,,,,,,,,,,,,,,,,,
本気ストレッチ,,,,,,,,,,,,,[甲府 ストレッチ 改善],Exact,,,,,,,,,,,,,,,,,,,,,,,,
本気ストレッチ,,,,,,,,,,,,,"ストレッチ 改善プログラム",Phrase,,,,,,,,,,,,,,,,,,,,,,,,
本気ストレッチ,,,,,,,,,,,,,[山梨 姿勢改善 ストレッチ],Exact,,,,,,,,,,,,,,,,,,,,,,,,
本気ストレッチ,,,,,,,,,,,,,[甲府 猫背 改善],Exact,,,,,,,,,,,,,,,,,,,,,,,,
本気ストレッチ,,,,,,,,,,,,,"猫背 改善 ストレッチ",Phrase,,,,,,,,,,,,,,,,,,,,,,,,
本気ストレッチ,,,,,,,,,,,,,[甲府 反り腰 改善],Exact,,,,,,,,,,,,,,,,,,,,,,,,
本気ストレッチ,,,,,,,,,,,,,[甲府 巻き肩 改善],Exact,,,,,,,,,,,,,,,,,,,,,,,,
本気ストレッチ,,,,,,,,,,,,,[甲府 姿勢矯正 ストレッチ],Exact,,,,,,,,,,,,,,,,,,,,,,,,
本気ストレッチ,,,,,,,,,,,改善プログラム,,,,https://majistretch.com/,姿勢改善なら本気ストレッチ,3ヶ月8回の集中プログラム,可動域を数値で管理,甲府上阿原のストレッチ専門店,猫背・反り腰を根本改善,精密姿勢診断で原因を特定,返金保証付きで安心,女性トレーナー在籍,深層筋から本気で変える,整体では届かない層にアプローチ,改善実感を数値で証明,まずは姿勢診断から,プロのマンツーマン施術,完全予約制・丁寧対応,9:00〜22:00まで対応,猫背・反り腰・巻き肩にお悩みの方へ。精密姿勢診断で原因を特定し可動域を数値管理。3ヶ月で土台改善。,整体やマッサージでは届かない深層筋にアプローチ。8回の集中プログラムで根本から変えます。,甲府上阿原の完全予約制ストレッチ専門店。返金保証付き。女性トレーナー在籍で安心。,姿勢を数値で見える化。改善の実感が違います。まずはWEBから予約して姿勢診断を。,甲府,姿勢改善,Responsive search ad
本気ストレッチ,,,,,,,,,,,可動域・専門性,Standard,250,,,,,,,,,,,,,,,,,,,,,,,,
本気ストレッチ,,,,,,,,,,,,,[甲府 可動域 改善],Exact,,,,,,,,,,,,,,,,,,,,,,,,
本気ストレッチ,,,,,,,,,,,,,"可動域 ストレッチ 専門",Phrase,,,,,,,,,,,,,,,,,,,,,,,,
本気ストレッチ,,,,,,,,,,,,,[甲府 深層筋 ストレッチ],Exact,,,,,,,,,,,,,,,,,,,,,,,,
本気ストレッチ,,,,,,,,,,,,,[精密姿勢診断 甲府],Exact,,,,,,,,,,,,,,,,,,,,,,,,
本気ストレッチ,,,,,,,,,,,,,"深層筋 アプローチ ストレッチ",Phrase,,,,,,,,,,,,,,,,,,,,,,,,
本気ストレッチ,,,,,,,,,,,,,[甲府 ストレッチ 数値管理],Exact,,,,,,,,,,,,,,,,,,,,,,,,
本気ストレッチ,,,,,,,,,,,,,[甲府 パーソナルストレッチ 改善],Exact,,,,,,,,,,,,,,,,,,,,,,,,
本気ストレッチ,,,,,,,,,,,可動域・専門性,,,,https://majistretch.com/,可動域を数値で管理,精密姿勢診断で原因を特定,深層筋から根本アプローチ,甲府上阿原のストレッチ専門店,本気ストレッチ 甲府,3ヶ月で土台を整える,パーソナルストレッチ専門,返金保証付きで安心,プロの施術で可動域UP,8回集中改善プログラム,整体では変わらなかった方へ,数値で実感できる,女性トレーナー在籍,完全予約制,WEBから簡単予約,可動域を数値で管理する甲府唯一のストレッチ専門店。精密姿勢診断で原因を特定し深層筋からアプローチ。,表面だけのマッサージでは届かない深層筋に直接アプローチ。数値で改善を実感できます。,パーソナルストレッチ専門。返金保証付き・女性トレーナー在籍。まずは姿勢診断から。,3ヶ月8回の集中プログラムで身体の土台を根本改善。9:00〜22:00対応・完全予約制。,甲府,可動域改善,Responsive search ad
本気ストレッチ,,,,,,,,,,,返金保証・卒業系,Standard,350,,,,,,,,,,,,,,,,,,,,,,,,
本気ストレッチ,,,,,,,,,,,,,[マッサージ 効果ない],Exact,,,,,,,,,,,,,,,,,,,,,,,,
本気ストレッチ,,,,,,,,,,,,,"マッサージ 卒業",Phrase,,,,,,,,,,,,,,,,,,,,,,,,
本気ストレッチ,,,,,,,,,,,,,[整体 通っても治らない],Exact,,,,,,,,,,,,,,,,,,,,,,,,
本気ストレッチ,,,,,,,,,,,,,"整体 効果ない",Phrase,,,,,,,,,,,,,,,,,,,,,,,,
本気ストレッチ,,,,,,,,,,,,,[甲府 根本改善 ストレッチ],Exact,,,,,,,,,,,,,,,,,,,,,,,,
本気ストレッチ,,,,,,,,,,,,,"マッサージ 意味ない ストレッチ",Phrase,,,,,,,,,,,,,,,,,,,,,,,,
本気ストレッチ,,,,,,,,,,,,,[甲府 ストレッチ 返金保証],Exact,,,,,,,,,,,,,,,,,,,,,,,,
本気ストレッチ,,,,,,,,,,,,,"ストレッチ 返金保証",Phrase,,,,,,,,,,,,,,,,,,,,,,,,
本気ストレッチ,,,,,,,,,,,,,[整体 マッサージ 違い],Exact,,,,,,,,,,,,,,,,,,,,,,,,
本気ストレッチ,,,,,,,,,,,返金保証・卒業系,,,,https://majistretch.com/,マッサージ卒業しませんか？,整体で変わらなかった方へ,返金保証付きストレッチ,3ヶ月で根本から変える,本気ストレッチ 甲府,深層筋から本気アプローチ,可動域を数値で管理,精密姿勢診断が無料,甲府上阿原の専門店,8回集中改善プログラム,もう繰り返さない身体づくり,女性トレーナー在籍,完全予約制・丁寧対応,プロのマンツーマン施術,WEBから簡単予約,何年も整体やマッサージに通っても変わらない…その理由は表面しか届いていないから。深層筋から本気で変えます。,返金保証付きだから安心してスタートできます。3ヶ月8回の集中プログラムで身体の土台を根本改善。,「また戻る」を繰り返さない身体づくり。可動域を数値管理し改善を実感できるストレッチ専門店。,甲府上阿原の完全予約制。女性トレーナー在籍。まずはWEBからご予約ください。,甲府,返金保証付き,Responsive search ad
本気ストレッチ,,,,,,,,,,,地域×改善,Standard,250,,,,,,,,,,,,,,,,,,,,,,,,
本気ストレッチ,,,,,,,,,,,,,[甲府上阿原 ストレッチ],Exact,,,,,,,,,,,,,,,,,,,,,,,,
本気ストレッチ,,,,,,,,,,,,,"上阿原 ストレッチ",Phrase,,,,,,,,,,,,,,,,,,,,,,,,
本気ストレッチ,,,,,,,,,,,,,[甲府上阿原 姿勢改善],Exact,,,,,,,,,,,,,,,,,,,,,,,,
本気ストレッチ,,,,,,,,,,,,,[酒折 ストレッチ],Exact,,,,,,,,,,,,,,,,,,,,,,,,
本気ストレッチ,,,,,,,,,,,,,[甲府 上阿原 整体],Exact,,,,,,,,,,,,,,,,,,,,,,,,
本気ストレッチ,,,,,,,,,,,,,[善光寺町 ストレッチ],Exact,,,,,,,,,,,,,,,,,,,,,,,,
本気ストレッチ,,,,,,,,,,,地域×改善,,,,https://majistretch.com/,甲府上阿原のストレッチ専門店,本気ストレッチ 甲府上阿原店,3ヶ月で土台を整える,可動域を数値で管理,返金保証付きで安心,酒折駅から車10分・駐車場有,精密姿勢診断で原因を特定,女性トレーナー在籍,8回集中改善プログラム,完全予約制・丁寧対応,深層筋から根本改善,9:00〜22:00まで対応,プロのマンツーマン施術,改善実感を数値で証明,WEBから簡単予約,甲府上阿原のストレッチ専門店。可動域を数値で管理し3ヶ月で身体の土台を整えます。返金保証付き。,酒折駅から車10分・駐車場あり。完全予約制でお一人ずつ丁寧に対応。女性トレーナー在籍。,精密姿勢診断で原因を特定。深層筋からアプローチする甲府上阿原の改善特化ストレッチ。,整体やマッサージで変わらなかった方へ。8回集中プログラムで根本から変えます。WEB予約受付中。,甲府上阿原,ストレッチ,Responsive search ad
本気ストレッチ,,,,,,,,,,,女性トレーナー,Standard,250,,,,,,,,,,,,,,,,,,,,,,,,
本気ストレッチ,,,,,,,,,,,,,[甲府 ストレッチ 女性トレーナー],Exact,,,,,,,,,,,,,,,,,,,,,,,,
本気ストレッチ,,,,,,,,,,,,,"女性トレーナー ストレッチ 甲府",Phrase,,,,,,,,,,,,,,,,,,,,,,,,
本気ストレッチ,,,,,,,,,,,,,[甲府 女性専用 ストレッチ],Exact,,,,,,,,,,,,,,,,,,,,,,,,
本気ストレッチ,,,,,,,,,,,,,[甲府 ストレッチ 女性 安心],Exact,,,,,,,,,,,,,,,,,,,,,,,,
本気ストレッチ,,,,,,,,,,,,,"女性 パーソナルストレッチ 山梨",Phrase,,,,,,,,,,,,,,,,,,,,,,,,
本気ストレッチ,,,,,,,,,,,女性トレーナー,,,,https://majistretch.com/,女性トレーナー在籍で安心,甲府のストレッチ専門店,本気ストレッチ 甲府上阿原店,完全予約制・個室対応,3ヶ月で土台を整える,可動域を数値で管理,返金保証付き,精密姿勢診断が無料,女性スタッフが丁寧に対応,8回集中改善プログラム,深層筋から根本改善,プロのマンツーマン施術,9:00〜22:00まで対応,甲府上阿原の専門店,WEBから簡単予約,女性トレーナー在籍で安心の甲府ストレッチ専門店。完全予約制でお一人ずつ丁寧に対応します。,「男性に身体を触られるのが不安」という方へ。女性スタッフが担当。まずは姿勢診断から。,返金保証付き・完全予約制。可動域を数値で管理し3ヶ月で身体の土台を整える改善プログラム。,甲府上阿原の女性も安心のストレッチ専門店。深層筋から根本改善。WEB予約受付中。,甲府,女性トレーナー,Responsive search ad
