Campaign,Ad Group,Keyword,Criterion Type,Max CPC
ストレッチゼロ,ブランド指名,[ストレッチゼロ],Exact,
ストレッチゼロ,ブランド指名,"ストレッチゼロ",Phrase,
ストレッチゼロ,ブランド指名,[stretch zero],Exact,
ストレッチゼロ,ブランド指名,[ストレッチゼロ 甲府],Exact,
ストレッチゼロ,ブランド指名,[ストレッチゼロ 予約],Exact,
ストレッチゼロ,ブランド指名,[ストレッチゼロ 口コミ],Exact,
ストレッチゼロ,ブランド指名,[ストレッチゼロ 山梨],Exact,
ストレッチゼロ,ブランド指名,[ストレッチゼロ 南アルプス],Exact,
ストレッチゼロ,ブランド指名,[ストレッチゼロ 韮崎],Exact,
ストレッチゼロ,地域×一般,[甲府 ストレッチ],Exact,
ストレッチゼロ,地域×一般,"甲府 ストレッチ",Phrase,
ストレッチゼロ,地域×一般,[山梨 ストレッチ],Exact,
ストレッチゼロ,地域×一般,"山梨 ストレッチ",Phrase,
ストレッチゼロ,地域×一般,[甲府 ストレッチ専門店],Exact,
ストレッチゼロ,地域×一般,[山梨 ストレッチ専門店],Exact,
ストレッチゼロ,地域×一般,[甲府 パーソナルストレッチ],Exact,
ストレッチゼロ,地域×一般,[山梨 パーソナルストレッチ],Exact,
ストレッチゼロ,地域×一般,[甲府市 ストレッチ おすすめ],Exact,
ストレッチゼロ,店舗別地域,[南アルプス ストレッチ],Exact,
ストレッチゼロ,店舗別地域,"南アルプス ストレッチ",Phrase,
ストレッチゼロ,店舗別地域,[韮崎 ストレッチ],Exact,
ストレッチゼロ,店舗別地域,"韮崎 ストレッチ",Phrase,
ストレッチゼロ,店舗別地域,[上石田 ストレッチ],Exact,
ストレッチゼロ,店舗別地域,[甲府上石田 ストレッチ],Exact,
ストレッチゼロ,店舗別地域,[昭和町 ストレッチ],Exact,
ストレッチゼロ,店舗別地域,[中央市 ストレッチ],Exact,
ストレッチゼロ,店舗別地域,[笛吹 ストレッチ],Exact,
ストレッチゼロ,悩み×肩こり,[甲府 肩こり ストレッチ],Exact,
ストレッチゼロ,悩み×肩こり,"肩こり ストレッチ 甲府",Phrase,
ストレッチゼロ,悩み×肩こり,[山梨 肩こり 改善],Exact,
ストレッチゼロ,悩み×肩こり,[甲府 肩こり ひどい],Exact,
ストレッチゼロ,悩み×肩こり,"肩こり 専門 山梨",Phrase,
ストレッチゼロ,悩み×腰痛,[甲府 腰痛 ストレッチ],Exact,
ストレッチゼロ,悩み×腰痛,"腰痛 ストレッチ 甲府",Phrase,
ストレッチゼロ,悩み×腰痛,[山梨 腰痛 改善],Exact,
ストレッチゼロ,悩み×腰痛,[甲府 腰痛 整体],Exact,
ストレッチゼロ,悩み×腰痛,[甲府 ぎっくり腰 ストレッチ],Exact,
ストレッチゼロ,悩み×慢性痛,[甲府 慢性痛 ストレッチ],Exact,
ストレッチゼロ,悩み×慢性痛,[甲府 首こり ストレッチ],Exact,
ストレッチゼロ,悩み×慢性痛,[甲府 頭痛 ストレッチ],Exact,
ストレッチゼロ,悩み×慢性痛,[山梨 膝痛 ストレッチ],Exact,
ストレッチゼロ,体験・気軽さ,[甲府 ストレッチ 体験],Exact,
ストレッチゼロ,体験・気軽さ,"ストレッチ 体験 山梨",Phrase,
ストレッチゼロ,体験・気軽さ,[甲府 ストレッチ 初回],Exact,
ストレッチゼロ,体験・気軽さ,[山梨 ストレッチ 体験コース],Exact,
ストレッチゼロ,体験・気軽さ,[甲府 ストレッチ 安い],Exact,
ストレッチゼロ,専門性,[甲府 理学療法士 ストレッチ],Exact,
ストレッチゼロ,専門性,"理学療法士 ストレッチ 山梨",Phrase,
ストレッチゼロ,専門性,[甲府 骨盤矯正 ストレッチ],Exact,
ストレッチゼロ,専門性,"骨盤矯正 山梨",Phrase,
ストレッチゼロ,専門性,[甲府 産後 骨盤矯正],Exact,
ストレッチゼロ,専門性,[山梨 骨盤 ストレッチ],Exact,
